{"_step":0,"_wandb":{"runtime":35},"train_loss":NaN,"learning_rate":5.000000000000001e-07,"global_step":1,"_timestamp":1.7525073492503948e+09,"_runtime":21.798853}